Row,NoServo,ServoInLoop
CAP,0.89845976777664,1.07315532711095
zeta,0.5,0.362278446046619
Gibson 1 - qm/qs,1.41251081523683,1.63561104237611
Gibson 1 - DB/qs,0.057299652484618,0.0501814814379687
Gibson 2 - XOver,NaN,1.42475857417311
Gibson 2 - Phase Rate,NaN,-73.6019569486225
Gust max el,30.6748549867189,30.6748549867189
