Row,NoServo,ServoInLoop
CAP,0.380918592224872,0.479860531231358
zeta,0.523300200400674,0.340118899196236
Gibson 1 - qm/qs,1.37459495065978,1.63870604145042
Gibson 1 - DB/qs,0.0319429331788962,0.0244417732482138
Gibson 2 - XOver,NaN,1.74380365593484
Gibson 2 - Phase Rate,NaN,-76.8860600813393
Gust max el,-2.9732985535993,-3.91274131562625
